<?xml version="1.0" encoding="UTF-8"?>
<project-private xmlns="http://www.netbeans.org/ns/project-private/1">
    <editor-bookmarks xmlns="http://www.netbeans.org/ns/editor-bookmarks/2" lastBookmarkId="0"/>
    <open-files xmlns="http://www.netbeans.org/ns/projectui-open-files/2">
        <group>
            <file>file:/C:/Users/Jack's%20acer/OneDrive/University/2017%20-%202018/CSI%202110/assignments/Assignment%204/csi2110_assignment4_2017/a4/src/net/datastructures/GraphAlgorithms.java</file>
            <file>file:/C:/Users/Jack's%20acer/OneDrive/University/2017%20-%202018/CSI%202110/assignments/Assignment%204/csi2110_assignment4_2017/a4/src/net/datastructures/GraphExamples.java</file>
            <file>file:/C:/Users/Jack's%20acer/OneDrive/University/2017%20-%202018/CSI%202110/assignments/Assignment%204/csi2110_assignment4_2017/a4/src/org/jgrapht/Graph.java</file>
            <file>file:/C:/Users/Jack's%20acer/OneDrive/University/2017%20-%202018/CSI%202110/assignments/Assignment%204/csi2110_assignment4_2017/a4/src/src/ParisMetro.java</file>
        </group>
    </open-files>
</project-private>
